{
  "test_accuracy": 0.9013158082962036,
  "test_precision": 0.9138871889024888,
  "test_recall": 0.9013157894736842,
  "test_f1_score": 0.9028355165110988,
  "test_auc": 0.9568884723523898,
  "test_loss": 0.5629404187202454,
  "confusion_matrix": [
    [
      84,
      13
    ],
    [
      2,
      53
    ]
  ]
}