{
  "loss": [
    0.030831826850771904,
    0.030937617644667625,
    0.020670633763074875,
    0.020362868905067444,
    0.030444003641605377,
    0.012275041081011295,
    0.011087410151958466,
    0.0092694740742445,
    0.024872949346899986,
    0.024751974269747734,
    0.019648931920528412
  ],
  "accuracy": [
    0.9903448224067688,
    0.9903448224067688,
    0.9958620667457581,
    0.9944827556610107,
    0.9903448224067688,
    0.9958620667457581,
    0.9958620667457581,
    0.9972413778305054,
    0.9903448224067688,
    0.9903448224067688,
    0.9931034445762634
  ],
  "val_loss": [
    0.10064494609832764,
    0.4741637408733368,
    0.6191498637199402,
    0.9188717007637024,
    1.5395869016647339,
    1.4852122068405151,
    1.4504027366638184,
    1.2993611097335815,
    1.2783211469650269,
    1.3511744737625122,
    1.201095461845398
  ],
  "val_accuracy": [
    0.9679999947547913,
    0.8320000171661377,
    0.8159999847412109,
    0.7680000066757202,
    0.6639999747276306,
    0.6880000233650208,
    0.6959999799728394,
    0.7039999961853027,
    0.7120000123977661,
    0.7200000286102295,
    0.7360000014305115
  ]
}