{
  "loss": [
    0.07295391708612442,
    0.053124163299798965,
    0.044117167592048645,
    0.03692246973514557,
    0.04416797682642937,
    0.026101864874362946,
    0.03600572422146797,
    0.01780620776116848,
    0.015513633377850056,
    0.02258186973631382,
    0.009075287729501724
  ],
  "accuracy": [
    0.9721835851669312,
    0.9847009778022766,
    0.9805285334587097,
    0.9888734221458435,
    0.9860917925834656,
    0.9888734221458435,
    0.9888734221458435,
    0.9930459260940552,
    0.9972183704376221,
    0.9916550517082214,
    0.998609185218811
  ],
  "val_loss": [
    0.3231295645236969,
    0.7808681130409241,
    1.3293488025665283,
    1.7930938005447388,
    1.800146222114563,
    1.3240997791290283,
    1.277363896369934,
    1.3174670934677124,
    1.3259257078170776,
    1.4292997121810913,
    1.5743763446807861
  ],
  "val_accuracy": [
    0.8880000114440918,
    0.7599999904632568,
    0.6800000071525574,
    0.5920000076293945,
    0.5920000076293945,
    0.6880000233650208,
    0.7200000286102295,
    0.7039999961853027,
    0.7200000286102295,
    0.6880000233650208,
    0.656000018119812
  ]
}