{
  "loss": [
    0.03983663022518158,
    0.02723698504269123,
    0.039113324135541916,
    0.03274615481495857,
    0.03768257424235344,
    0.03538407385349274,
    0.010436318814754486,
    0.030167393386363983,
    0.015590236522257328,
    0.025155434384942055,
    0.021893754601478577
  ],
  "accuracy": [
    0.9820689558982849,
    0.9931034445762634,
    0.9862068891525269,
    0.9944827556610107,
    0.9903448224067688,
    0.9848275780677795,
    0.9986206889152527,
    0.9931034445762634,
    0.9931034445762634,
    0.9917241334915161,
    0.9944827556610107
  ],
  "val_loss": [
    0.3166721761226654,
    0.6121518611907959,
    0.7180946469306946,
    0.8414536714553833,
    0.8619015216827393,
    0.8744154572486877,
    0.8382857441902161,
    0.841153621673584,
    0.8169853091239929,
    0.8272481560707092,
    0.8364065289497375
  ],
  "val_accuracy": [
    0.9039999842643738,
    0.800000011920929,
    0.7680000066757202,
    0.7200000286102295,
    0.7200000286102295,
    0.7200000286102295,
    0.7279999852180481,
    0.7440000176429749,
    0.7519999742507935,
    0.7519999742507935,
    0.7519999742507935
  ]
}