{
  "loss": [
    0.14127331972122192,
    0.08109435439109802,
    0.06696653366088867,
    0.03652363270521164,
    0.05065620690584183,
    0.03957447037100792,
    0.039614006876945496,
    0.017704645171761513,
    0.017234481871128082,
    0.013873285613954067,
    0.012724843807518482,
    0.028001395985484123
  ],
  "accuracy": [
    0.9448275566101074,
    0.9668965339660645,
    0.977931022644043,
    0.9889655113220215,
    0.9848275780677795,
    0.9834482669830322,
    0.9903448224067688,
    0.9958620667457581,
    0.9931034445762634,
    0.9944827556610107,
    0.9931034445762634,
    0.9917241334915161
  ],
  "val_loss": [
    0.966092050075531,
    0.04643695428967476,
    0.06423962116241455,
    0.2631637454032898,
    0.0672941580414772,
    0.07825865596532822,
    0.08615328371524811,
    0.23005422949790955,
    0.32454144954681396,
    0.5227435827255249,
    0.6246355175971985,
    0.44877609610557556
  ],
  "val_accuracy": [
    0.7039999961853027,
    0.984000027179718,
    0.9679999947547913,
    0.9440000057220459,
    0.9760000109672546,
    0.9679999947547913,
    0.9760000109672546,
    0.9520000219345093,
    0.9279999732971191,
    0.8880000114440918,
    0.8399999737739563,
    0.8799999952316284
  ]
}