{
  "loss": [
    0.12043444067239761,
    0.08125634491443634,
    0.08078625798225403,
    0.05607631802558899,
    0.02860104665160179,
    0.05035785585641861,
    0.057156629860401154,
    0.02899094671010971,
    0.027424147352576256,
    0.01387037057429552,
    0.026772821322083473
  ],
  "accuracy": [
    0.9579242467880249,
    0.9705469608306885,
    0.9705469608306885,
    0.9831697344779968,
    0.9901823401451111,
    0.9873772859573364,
    0.9775596261024475,
    0.9887797832489014,
    0.9887797832489014,
    0.9929873943328857,
    0.9929873943328857
  ],
  "val_loss": [
    0.09447383135557175,
    0.33813053369522095,
    0.2586936056613922,
    0.3277566432952881,
    0.3596024811267853,
    0.1185922771692276,
    0.13690371811389923,
    0.2148730605840683,
    0.24880321323871613,
    0.22253331542015076,
    0.9058970212936401
  ],
  "val_accuracy": [
    0.9760000109672546,
    0.8880000114440918,
    0.9279999732971191,
    0.8880000114440918,
    0.8880000114440918,
    0.9440000057220459,
    0.9679999947547913,
    0.9679999947547913,
    0.9520000219345093,
    0.9520000219345093,
    0.8080000281333923
  ]
}