{
  "model_type": "CNN",
  "input_shape": [
    128,
    173,
    1
  ],
  "num_classes": 2,
  "class_names": [
    "Legitimate",
    "Suspicious"
  ],
  "sample_rate": 22050,
  "duration": 4.0,
  "n_mels": 128,
  "training_samples": 708,
  "test_samples": 152,
  "metrics": {
    "test_accuracy": 0.9013158082962036,
    "test_precision": 0.9138871889024888,
    "test_recall": 0.9013157894736842,
    "test_f1_score": 0.9028355165110988,
    "test_auc": 0.9568884723523898,
    "test_loss": 0.5629404187202454,
    "confusion_matrix": [
      [
        84,
        13
      ],
      [
        2,
        53
      ]
    ]
  },
  "trained_at": "2025-11-17T12:03:07.386990",
  "optimization_techniques": [
    "L2 Regularization",
    "Dropout",
    "Batch Normalization",
    "Early Stopping",
    "Learning Rate Scheduling",
    "Adam Optimizer"
  ]
}